timestamp;Outside Temp.;Weight;Netto weight;Battery lvl.;event;caption
01.04.2024 17:51;21.88;58.047;-14.357;66.54285714;-;-
01.04.2024 18:06;20.25;58.035;-14.369;66.31428571;-;-
01.04.2024 18:21;18.63;58.007;-14.397;66.54285714;-;-
01.04.2024 18:36;17.31;57.987;-14.417;66.54285714;-;-
01.04.2024 18:51;16.38;57.964;-14.44;66.54285714;-;-
01.04.2024 19:06;15.81;57.953;-14.451;66.54285714;-;-
01.04.2024 19:21;15.5;57.934;-14.47;66.54285714;-;-
01.04.2024 19:36;15.19;57.925;-14.479;66.37142857;-;-
01.04.2024 19:51;15;57.922;-14.482;66.05714286;-;-
01.04.2024 20:06;14.69;57.912;-14.492;66.05714286;-;-
01.04.2024 20:21;14.19;57.905;-14.499;66.05714286;-;-
01.04.2024 20:36;13.81;57.927;-14.477;66.05714286;-;-
01.04.2024 20:51;13.25;57.938;-14.466;66.05714286;-;-
01.04.2024 21:06;13;57.923;-14.481;66.05714286;-;-
01.04.2024 21:21;12.81;57.911;-14.493;66.05714286;-;-
01.04.2024 21:36;12.63;57.904;-14.5;66.05714286;-;-
01.04.2024 21:51;12.5;57.902;-14.502;66.05714286;-;-
01.04.2024 22:06;12.25;57.919;-14.485;66.05714286;-;-
01.04.2024 22:21;12;57.915;-14.489;66.05714286;-;-
01.04.2024 22:36;11.69;57.929;-14.475;66.05714286;-;-
01.04.2024 22:51;11.38;57.957;-14.447;66.05714286;-;-
01.04.2024 23:06;11.06;58.01;-14.394;66.05714286;-;-
01.04.2024 23:21;10.81;58.045;-14.359;66.05714286;-;-
01.04.2024 23:36;10.69;58.055;-14.349;66.05714286;-;-
01.04.2024 23:51;10.63;58.074;-14.33;66.05714286;-;-
02.04.2024 0:06;10.5;58.094;-14.31;66.05714286;-;-
02.04.2024 0:21;10.38;58.139;-14.265;66.05714286;-;-
02.04.2024 0:36;10.25;58.163;-14.241;66.05714286;-;-
02.04.2024 0:51;10.13;58.177;-14.227;66.05714286;-;-
02.04.2024 1:06;10.13;58.187;-14.217;66.05714286;-;-
02.04.2024 1:21;10.13;58.182;-14.222;66.05714286;-;-
02.04.2024 1:36;10;58.189;-14.215;66.05714286;-;-
02.04.2024 1:51;10;58.183;-14.221;66.05714286;-;-
02.04.2024 2:06;9.88;58.177;-14.227;66.05714286;-;-
02.04.2024 2:21;9.75;58.164;-14.24;66.05714286;-;-
02.04.2024 2:36;9.69;58.148;-14.256;66.05714286;-;-
02.04.2024 2:51;9.56;58.135;-14.269;66.05714286;-;-
02.04.2024 3:06;9.56;58.138;-14.266;66.05714286;-;-
02.04.2024 3:21;9.5;58.134;-14.27;66.05714286;-;-
02.04.2024 3:36;9.38;58.132;-14.272;65.71428571;-;-
02.04.2024 3:51;9.31;58.138;-14.266;65.6;-;-
02.04.2024 4:06;9.19;58.125;-14.279;65.54285714;-;-
02.04.2024 4:21;9.13;58.137;-14.267;65.54285714;-;-
02.04.2024 4:36;8.94;58.135;-14.269;65.54285714;-;-
02.04.2024 4:51;8.94;58.122;-14.282;65.54285714;-;-
02.04.2024 5:06;8.88;58.113;-14.291;65.54285714;-;-
02.04.2024 5:21;8.94;58.101;-14.303;65.54285714;-;-
02.04.2024 5:36;8.94;58.087;-14.317;65.54285714;-;-
02.04.2024 5:51;9;58.079;-14.325;65.54285714;-;-
02.04.2024 6:06;9;58.068;-14.336;65.54285714;-;-
02.04.2024 6:21;9;58.051;-14.353;65.54285714;-;-
02.04.2024 6:36;9.06;58.036;-14.368;65.54285714;-;-
02.04.2024 6:51;9.19;58.022;-14.382;65.54285714;-;-
02.04.2024 7:06;9.25;58.01;-14.394;65.54285714;-;-
02.04.2024 7:21;9.44;57.995;-14.409;65.54285714;-;-
02.04.2024 7:36;9.56;57.981;-14.423;65.54285714;-;-
02.04.2024 7:51;9.81;57.958;-14.446;65.54285714;-;-
02.04.2024 8:06;10;57.956;-14.448;65.54285714;-;-
02.04.2024 8:21;10.25;57.945;-14.459;65.54285714;-;-
02.04.2024 8:36;10.5;57.932;-14.472;65.54285714;-;-
02.04.2024 8:51;10.81;57.909;-14.495;65.54285714;-;-
02.04.2024 9:06;11.06;57.91;-14.494;65.54285714;-;-
02.04.2024 9:21;11.25;57.898;-14.506;65.54285714;-;-
02.04.2024 9:36;11.63;57.89;-14.514;65.54285714;-;-
02.04.2024 9:51;11.94;57.879;-14.525;65.54285714;-;-
02.04.2024 10:06;12.44;57.866;-14.538;65.54285714;-;-
02.04.2024 10:21;12.63;57.859;-14.545;65.54285714;-;-
02.04.2024 10:36;13.06;57.838;-14.566;65.54285714;-;-
02.04.2024 10:51;13.44;57.826;-14.578;65.54285714;-;-
02.04.2024 11:06;13.38;57.862;-14.542;65.25714286;-;-
02.04.2024 11:21;13.31;57.846;-14.558;65.54285714;-;-
02.04.2024 11:36;13.38;57.859;-14.545;65.34285714;-;-
02.04.2024 11:51;13.94;57.677;-14.727;65.2;-;-
02.04.2024 12:06;13.94;57.848;-14.556;65.02857143;-;-
02.04.2024 12:21;14.06;57.918;-14.486;65.05714286;-;-
02.04.2024 12:36;14.25;57.886;-14.518;65.05714286;-;-
02.04.2024 12:51;14.31;57.873;-14.531;65.05714286;-;-
02.04.2024 13:06;14.75;57.77;-14.634;65.02857143;-;-
02.04.2024 13:21;15.06;57.898;-14.506;65.02857143;-;-
02.04.2024 13:36;15.19;57.934;-14.47;65.02857143;-;-
02.04.2024 13:51;15.31;57.98;-14.424;65.02857143;-;-
02.04.2024 14:06;15;58.061;-14.343;65.02857143;-;-
02.04.2024 14:21;15;58.074;-14.33;65.02857143;-;-
02.04.2024 14:36;14.88;58.069;-14.335;65.02857143;-;-
02.04.2024 14:51;14.94;58.051;-14.353;65.02857143;-;-
02.04.2024 15:06;14.94;58.073;-14.331;65.02857143;-;-
02.04.2024 15:21;14.63;58.121;-14.283;65.02857143;-;-
02.04.2024 15:36;14.25;58.118;-14.286;65.02857143;-;-
02.04.2024 15:51;14.38;58.109;-14.295;65.02857143;-;-
02.04.2024 16:06;14.44;58.087;-14.317;65.02857143;-;-
02.04.2024 16:21;14.25;58.085;-14.319;65.02857143;-;-
02.04.2024 16:36;13.88;58.071;-14.333;65.02857143;-;-
02.04.2024 16:51;13.38;58.073;-14.331;65.02857143;-;-
02.04.2024 17:06;13.06;58.058;-14.346;65.02857143;-;-
02.04.2024 17:21;12.69;58.054;-14.35;65.02857143;-;-
02.04.2024 17:36;12.38;58.047;-14.357;65.02857143;-;-
02.04.2024 17:51;12;58.043;-14.361;65.02857143;-;-
02.04.2024 18:06;11.63;58.04;-14.364;65.02857143;-;-
02.04.2024 18:21;11.44;58.034;-14.37;65.02857143;-;-
02.04.2024 18:36;11.44;58.028;-14.376;65.02857143;-;-
02.04.2024 18:51;11.31;58.03;-14.374;65.02857143;-;-
02.04.2024 19:06;11.06;58.021;-14.383;65.02857143;-;-
02.04.2024 19:21;10.69;58.019;-14.385;65.02857143;-;-
02.04.2024 19:36;10.5;58.016;-14.388;65.02857143;-;-
02.04.2024 19:51;10.13;58.013;-14.391;65.02857143;-;-
02.04.2024 20:06;9.69;58.007;-14.397;65.02857143;-;-
02.04.2024 20:21;9.25;58.004;-14.4;65.02857143;-;-
02.04.2024 20:36;8.88;58.002;-14.402;65.02857143;-;-
02.04.2024 20:51;8.75;57.999;-14.405;65.02857143;-;-
02.04.2024 21:06;8.63;57.998;-14.406;65.02857143;-;-
02.04.2024 21:21;8.56;57.995;-14.409;65.02857143;-;-
02.04.2024 21:36;8.56;57.991;-14.413;65.02857143;-;-
02.04.2024 21:51;8.63;57.986;-14.418;65.02857143;-;-
02.04.2024 22:06;8.56;57.989;-14.415;65.02857143;-;-
02.04.2024 22:21;8.56;57.98;-14.424;65.02857143;-;-
02.04.2024 22:36;8.44;57.98;-14.424;65.02857143;-;-
02.04.2024 22:51;8.38;57.976;-14.428;65.02857143;-;-
02.04.2024 23:06;8.31;57.975;-14.429;65.02857143;-;-
02.04.2024 23:21;8.31;57.972;-14.432;65.02857143;-;-
02.04.2024 23:36;8.25;57.97;-14.434;65.02857143;-;-
02.04.2024 23:51;8.31;57.966;-14.438;65.02857143;-;-
03.04.2024 0:06;8.31;57.967;-14.437;65.02857143;-;-
03.04.2024 0:21;8.38;57.961;-14.443;65.02857143;-;-
03.04.2024 0:36;8.44;57.96;-14.444;65.02857143;-;-
03.04.2024 0:51;8.44;57.954;-14.45;65.02857143;-;-
03.04.2024 1:06;8.44;57.953;-14.451;65.02857143;-;-
03.04.2024 1:21;8.38;57.95;-14.454;65.02857143;-;-
03.04.2024 1:36;8.25;57.945;-14.459;65.02857143;-;-
03.04.2024 2:06;8;57.943;-14.461;65.02857143;-;-
03.04.2024 2:21;7.88;57.939;-14.465;65.02857143;-;-
03.04.2024 2:36;7.75;57.935;-14.469;64.94285714;-;-
03.04.2024 2:51;7.63;57.931;-14.473;65.02857143;-;-
03.04.2024 3:06;7.63;57.93;-14.474;64.74285714;-;-
03.04.2024 3:21;7.56;57.93;-14.474;64.54285714;-;-
03.04.2024 3:36;7.56;57.925;-14.479;64.51428571;-;-
03.04.2024 3:51;7.69;57.92;-14.484;64.51428571;-;-
03.04.2024 4:06;7.81;57.917;-14.487;64.51428571;-;-
03.04.2024 4:21;7.88;57.915;-14.489;64.51428571;-;-
03.04.2024 4:36;8;57.908;-14.496;64.51428571;-;-
03.04.2024 4:51;8.06;57.904;-14.5;64.51428571;-;-
03.04.2024 5:06;8.13;57.902;-14.502;64.51428571;-;-
03.04.2024 5:21;8.19;57.897;-14.507;64.51428571;-;-
03.04.2024 5:36;8.19;57.892;-14.512;64.51428571;-;-
03.04.2024 5:51;8.25;57.89;-14.514;64.51428571;-;-
03.04.2024 6:06;8.69;57.888;-14.516;64.51428571;-;-
03.04.2024 6:21;9.56;57.874;-14.53;64.51428571;-;-
03.04.2024 6:36;10.06;57.862;-14.542;64.51428571;-;-
03.04.2024 6:51;10.5;57.832;-14.572;64.51428571;-;-
03.04.2024 7:06;10.88;57.788;-14.616;64.51428571;-;-
03.04.2024 7:21;11.19;57.757;-14.647;64.51428571;-;-
03.04.2024 7:36;11.56;57.725;-14.679;64.51428571;-;-
03.04.2024 7:51;12.06;57.613;-14.791;64.51428571;-;-
03.04.2024 8:06;12.31;57.668;-14.736;64.51428571;-;-
03.04.2024 8:21;12.81;57.689;-14.715;64.51428571;-;-
03.04.2024 8:36;13.19;57.69;-14.714;64.51428571;-;-
03.04.2024 8:51;13.69;57.71;-14.694;64.51428571;-;-
03.04.2024 9:06;14.13;57.741;-14.663;64.51428571;-;-
03.04.2024 9:21;14.56;57.727;-14.677;64.51428571;-;-
03.04.2024 9:36;15.31;57.758;-14.646;64.51428571;-;-
03.04.2024 9:51;16;57.753;-14.651;64.51428571;-;-
03.04.2024 10:06;16.56;57.842;-14.562;64.51428571;-;-
03.04.2024 10:21;17.19;57.952;-14.452;64.51428571;-;-
03.04.2024 10:36;17.06;58.027;-14.377;64.51428571;-;-
03.04.2024 10:51;17.13;58.039;-14.365;64.51428571;-;-
03.04.2024 11:06;17.25;58.022;-14.382;64.51428571;-;-
03.04.2024 11:21;17.25;58.037;-14.367;64.51428571;-;-
03.04.2024 11:36;16.81;58.207;-14.197;64.51428571;-;-
03.04.2024 11:51;17.13;58.132;-14.272;64.51428571;-;-
03.04.2024 12:06;17.19;58.07;-14.334;64.51428571;-;-
03.04.2024 12:21;17.13;58.244;-14.16;64.51428571;-;-
03.04.2024 12:36;17.06;58.179;-14.225;64.51428571;-;-
03.04.2024 12:51;16.94;58.334;-14.07;64.51428571;-;-
03.04.2024 13:06;16.75;58.357;-14.047;64.51428571;-;-
03.04.2024 13:21;16.5;58.451;-13.953;64.51428571;-;-
03.04.2024 13:36;16.63;58.35;-14.054;64.51428571;-;-
03.04.2024 13:51;16.81;58.288;-14.116;64.51428571;-;-
03.04.2024 14:06;16.63;58.518;-13.886;64.51428571;-;-
03.04.2024 14:21;16.44;58.524;-13.88;64.51428571;-;-
03.04.2024 14:36;16.19;58.635;-13.769;64.51428571;-;-
03.04.2024 14:51;15.94;58.632;-13.772;64.51428571;-;-
03.04.2024 15:06;15.81;58.627;-13.777;64.51428571;-;-
03.04.2024 15:21;15.69;58.599;-13.805;64.51428571;-;-
03.04.2024 15:36;15.69;58.562;-13.842;64.51428571;-;-
03.04.2024 15:51;15.56;58.559;-13.845;64.51428571;-;-
03.04.2024 16:06;15.5;58.549;-13.855;64.51428571;-;-
03.04.2024 16:21;15.38;58.577;-13.827;64.51428571;-;-
03.04.2024 16:36;15.19;58.638;-13.766;64.51428571;-;-
03.04.2024 16:51;15;58.662;-13.742;64.51428571;-;-
03.04.2024 17:06;14.81;58.659;-13.745;64.51428571;-;-
03.04.2024 17:21;14.56;58.653;-13.751;64.51428571;-;-
03.04.2024 17:36;14.25;58.644;-13.76;64.51428571;-;-
03.04.2024 17:51;13.94;58.64;-13.764;64.51428571;-;-
03.04.2024 18:06;13.75;58.636;-13.768;64.51428571;-;-
03.04.2024 18:21;13.56;58.629;-13.775;64.51428571;-;-
03.04.2024 18:36;13.31;58.621;-13.783;64.51428571;-;-
03.04.2024 18:51;13.19;58.614;-13.79;64.51428571;-;-
03.04.2024 19:06;13;58.608;-13.796;64.51428571;-;-
03.04.2024 19:21;12.94;58.601;-13.803;64.51428571;-;-
03.04.2024 19:36;12.81;58.594;-13.81;64.51428571;-;-
03.04.2024 19:51;12.81;58.59;-13.814;64.51428571;-;-
03.04.2024 20:06;12.69;58.584;-13.82;64.51428571;-;-
03.04.2024 20:21;12.63;58.582;-13.822;64.51428571;-;-
03.04.2024 20:36;12.56;58.579;-13.825;64.51428571;-;-
03.04.2024 20:51;12.44;58.58;-13.824;64.51428571;-;-
03.04.2024 21:06;12.25;58.575;-13.829;64.51428571;-;-
03.04.2024 21:21;12.06;58.564;-13.84;64.48571429;-;-
03.04.2024 21:36;12;58.558;-13.846;64.17142857;-;-
03.04.2024 21:51;11.88;58.551;-13.853;64.02857143;-;-
03.04.2024 22:06;11.69;58.544;-13.86;64.11428571;-;-
03.04.2024 22:21;11.56;58.539;-13.865;64;-;-
03.04.2024 22:36;11.44;58.533;-13.871;64;-;-
03.04.2024 22:51;11.25;58.528;-13.876;64;-;-
03.04.2024 23:06;11.06;58.524;-13.88;64;-;-
03.04.2024 23:21;10.94;58.516;-13.888;64;-;-
03.04.2024 23:36;10.88;58.51;-13.894;64;-;-
03.04.2024 23:51;10.75;58.505;-13.899;64;-;-
04.04.2024 0:06;10.69;58.503;-13.901;64;-;-
04.04.2024 0:21;10.56;58.496;-13.908;64;-;-
04.04.2024 0:36;10.5;58.492;-13.912;64;-;-
04.04.2024 0:51;10.5;58.487;-13.917;64;-;-
04.04.2024 1:06;10.44;58.481;-13.923;64;-;-
04.04.2024 1:21;10.44;58.479;-13.925;64;-;-
04.04.2024 1:36;10.38;58.476;-13.928;64;-;-
04.04.2024 1:51;10.44;58.471;-13.933;64;-;-
04.04.2024 2:06;10.19;58.465;-13.939;64;-;-
04.04.2024 2:21;10.19;58.462;-13.942;64;-;-
04.04.2024 2:36;10.19;58.458;-13.946;64;-;-
04.04.2024 2:51;10.13;58.455;-13.949;64;-;-
04.04.2024 3:06;10.13;58.449;-13.955;64;-;-
04.04.2024 3:21;10;58.448;-13.956;64;-;-
04.04.2024 3:36;9.81;58.441;-13.963;64;-;-
04.04.2024 3:51;9.63;58.436;-13.968;64;-;-
04.04.2024 4:06;9.44;58.432;-13.972;64;-;-
04.04.2024 4:21;9.25;58.428;-13.976;64;-;-
04.04.2024 4:36;9.13;58.422;-13.982;64;-;-
04.04.2024 4:51;9.06;58.418;-13.986;64;-;-
04.04.2024 5:06;9.13;58.414;-13.99;64;-;-
04.04.2024 5:21;9.25;58.403;-14.001;64;-;-
04.04.2024 5:36;9.44;58.397;-14.007;64;-;-
04.04.2024 5:51;9.56;58.394;-14.01;64;-;-
04.04.2024 6:06;10.19;58.382;-14.022;64;-;-
04.04.2024 6:21;10.5;58.377;-14.027;64;-;-
04.04.2024 6:36;11.06;58.356;-14.048;64;-;-
04.04.2024 6:51;11.44;58.337;-14.067;64;-;-
04.04.2024 7:06;12.38;58.269;-14.135;64;-;-
04.04.2024 7:21;12.75;58.337;-14.067;64;-;-
04.04.2024 7:36;12.44;58.361;-14.043;64;-;-
04.04.2024 7:51;12.5;58.344;-14.06;64;-;-
04.04.2024 8:06;12.69;58.318;-14.086;64;-;-
04.04.2024 8:21;12.94;58.323;-14.081;64;-;-
04.04.2024 8:36;13;58.339;-14.065;64;-;-
04.04.2024 8:51;13.06;58.329;-14.075;64;-;-
04.04.2024 9:06;13.13;58.338;-14.066;63.77142857;-;-
04.04.2024 9:21;12.63;58.375;-14.029;64;-;-
04.04.2024 9:36;12.56;58.37;-14.034;64;-;-
04.04.2024 9:51;12.81;58.352;-14.052;64;-;-
04.04.2024 10:06;13.25;58.304;-14.1;63.91428571;-;-
04.04.2024 10:21;13.38;58.261;-14.143;63.57142857;-;-
04.04.2024 10:36;13.94;58.194;-14.21;63.48571429;-;-
04.04.2024 10:51;14.25;58.233;-14.171;63.48571429;-;-
04.04.2024 11:06;14.5;58.35;-14.054;63.48571429;-;-
04.04.2024 11:21;15.19;58.108;-14.296;63.48571429;-;-
04.04.2024 11:36;16.06;58.08;-14.324;63.48571429;-;-
04.04.2024 11:51;16.06;58.261;-14.143;63.48571429;-;-
04.04.2024 12:06;16.75;58.071;-14.333;63.48571429;-;-
04.04.2024 12:21;17.75;58.03;-14.374;63.48571429;-;-
04.04.2024 12:36;18.81;58.083;-14.321;63.48571429;-;-
04.04.2024 12:51;19.69;58.15;-14.254;63.48571429;-;-
04.04.2024 13:06;20.13;58.319;-14.085;63.48571429;-;-
04.04.2024 13:21;20.56;58.475;-13.929;63.48571429;-;-
04.04.2024 13:36;20.94;58.547;-13.857;63.48571429;-;-
04.04.2024 13:51;21.44;58.711;-13.693;63.48571429;-;-
04.04.2024 14:06;21.5;58.817;-13.587;63.48571429;-;-
04.04.2024 14:21;21.25;58.893;-13.511;63.48571429;-;-
04.04.2024 14:36;20.94;59.085;-13.319;63.48571429;-;-
04.04.2024 14:51;20.25;59.186;-13.218;63.48571429;-;-
04.04.2024 15:06;19.81;59.216;-13.188;63.48571429;-;-
04.04.2024 15:21;19.44;59.278;-13.126;63.48571429;-;-
04.04.2024 15:36;19;59.4;-13.004;63.48571429;-;-
04.04.2024 15:51;18.5;59.532;-12.872;63.57142857;-;-
04.04.2024 16:06;18.06;59.572;-12.832;64;-;-
04.04.2024 16:21;17.81;59.569;-12.835;64;-;-
04.04.2024 16:36;17.5;59.585;-12.819;64;-;-
04.04.2024 16:51;17.25;59.592;-12.812;63.71428571;-;-
04.04.2024 17:06;17.06;59.598;-12.806;63.48571429;-;-
04.04.2024 17:21;16.88;59.607;-12.797;63.48571429;-;-
04.04.2024 17:36;16.69;59.62;-12.784;63.48571429;-;-
04.04.2024 17:51;16.38;59.622;-12.782;63.48571429;-;-
04.04.2024 18:06;15.44;59.648;-12.756;63.48571429;-;-
04.04.2024 18:21;14.69;59.666;-12.738;63.48571429;-;-
04.04.2024 18:36;14.31;59.646;-12.758;63.48571429;-;-
04.04.2024 18:51;14.06;59.633;-12.771;63.48571429;-;-
04.04.2024 19:06;13.88;59.621;-12.783;63.48571429;-;-
04.04.2024 19:21;13.75;59.612;-12.792;63.48571429;-;-
04.04.2024 19:36;13.5;59.607;-12.797;63.48571429;-;-
04.04.2024 19:51;13.44;59.601;-12.803;63.48571429;-;-
04.04.2024 20:06;13.25;59.607;-12.797;63.48571429;-;-
04.04.2024 20:21;13.06;59.604;-12.8;63.48571429;-;-
04.04.2024 20:36;13.06;59.608;-12.796;63.48571429;-;-
04.04.2024 20:51;12.88;59.644;-12.76;63.48571429;-;-
04.04.2024 21:06;12.5;59.739;-12.665;63.48571429;-;-
04.04.2024 21:21;12.31;59.717;-12.687;63.48571429;-;-
04.04.2024 21:36;12.19;59.69;-12.714;63.48571429;-;-
04.04.2024 21:51;12.19;59.676;-12.728;63.48571429;-;-
04.04.2024 22:06;12.06;59.663;-12.741;63.48571429;-;-
04.04.2024 22:21;11.88;59.653;-12.751;63.48571429;-;-
04.04.2024 22:36;11.56;59.642;-12.762;63.48571429;-;-
04.04.2024 22:51;11.19;59.634;-12.77;63.48571429;-;-
04.04.2024 23:06;11.06;59.623;-12.781;63.48571429;-;-
04.04.2024 23:21;11.06;59.614;-12.79;63.48571429;-;-
04.04.2024 23:36;11.06;59.602;-12.802;63.48571429;-;-
04.04.2024 23:51;11;59.599;-12.805;63.48571429;-;-
05.04.2024 0:06;11;59.588;-12.816;63.48571429;-;-
05.04.2024 0:21;11;59.577;-12.827;63.48571429;-;-
05.04.2024 0:36;11.06;59.566;-12.838;63.48571429;-;-
05.04.2024 0:51;11;59.557;-12.847;63.48571429;-;-
05.04.2024 1:06;11.06;59.55;-12.854;63.48571429;-;-
05.04.2024 1:21;11.06;59.538;-12.866;63.48571429;-;-
05.04.2024 1:36;11;59.53;-12.874;63.48571429;-;-
05.04.2024 1:51;10.88;59.522;-12.882;63.48571429;-;-
05.04.2024 2:06;10.69;59.513;-12.891;63.48571429;-;-
05.04.2024 2:21;10.63;59.504;-12.9;63.48571429;-;-
05.04.2024 2:36;10.5;59.494;-12.91;63.48571429;-;-
05.04.2024 2:51;10.38;59.487;-12.917;63.48571429;-;-
05.04.2024 3:06;10.13;59.48;-12.924;63.48571429;-;-
05.04.2024 3:21;9.88;59.472;-12.932;63.48571429;-;-
05.04.2024 3:36;9.69;59.466;-12.938;63.48571429;-;-
05.04.2024 3:51;9.5;59.456;-12.948;63.48571429;-;-
05.04.2024 4:06;9.13;59.447;-12.957;63.48571429;-;-
05.04.2024 4:21;9.13;59.441;-12.963;63.48571429;-;-
05.04.2024 4:36;9.25;59.432;-12.972;63.48571429;-;-
05.04.2024 4:51;9.5;59.424;-12.98;63.48571429;-;-
05.04.2024 5:06;9.75;59.416;-12.988;63.48571429;-;-
05.04.2024 5:21;10;59.406;-12.998;63.48571429;-;-
05.04.2024 5:36;10.13;59.399;-13.005;63.48571429;-;-
05.04.2024 5:51;10.38;59.39;-13.014;63.48571429;-;-
05.04.2024 6:06;10.88;59.378;-13.026;63.48571429;-;-
05.04.2024 6:21;11.25;59.367;-13.037;63.31428571;-;-
05.04.2024 6:36;11.63;59.348;-13.056;63.02857143;-;-
05.04.2024 6:51;12.19;59.32;-13.084;62.97142857;-;-
05.04.2024 7:06;12.69;59.316;-13.088;62.97142857;-;-
05.04.2024 7:21;13.25;59.301;-13.103;62.97142857;-;-
05.04.2024 7:36;13.63;59.271;-13.133;62.97142857;-;-
05.04.2024 7:51;14;59.234;-13.17;62.97142857;-;-
05.04.2024 8:06;14.31;59.176;-13.228;62.97142857;-;-
05.04.2024 8:21;14.56;59.136;-13.268;62.97142857;-;-
05.04.2024 8:36;14.75;59.074;-13.33;62.97142857;-;-
05.04.2024 8:51;15.44;59.01;-13.394;62.97142857;-;-
05.04.2024 9:06;16.31;58.915;-13.489;62.97142857;-;-
05.04.2024 9:21;16.75;58.956;-13.448;62.97142857;-;-
05.04.2024 9:36;17.25;58.963;-13.441;62.97142857;-;-
05.04.2024 9:51;18;58.958;-13.446;62.97142857;-;-
05.04.2024 10:06;18.5;58.968;-13.436;62.97142857;-;-
05.04.2024 10:21;19.06;59.009;-13.395;62.97142857;-;-
05.04.2024 10:36;19.69;59.067;-13.337;62.97142857;-;-
05.04.2024 10:51;20.19;59.121;-13.283;62.97142857;-;-
05.04.2024 11:06;20.25;59.179;-13.225;62.97142857;-;-
05.04.2024 11:21;20.19;59.217;-13.187;62.97142857;-;-
05.04.2024 11:36;20.06;59.274;-13.13;62.97142857;-;-
05.04.2024 11:51;20.19;59.317;-13.087;62.97142857;-;-
05.04.2024 12:06;20.88;59.359;-13.045;62.97142857;-;-
05.04.2024 12:21;21.06;59.365;-13.039;62.97142857;-;-
05.04.2024 12:36;20.75;59.454;-12.95;62.97142857;-;-
05.04.2024 12:51;20.44;59.542;-12.862;62.97142857;-;-
05.04.2024 13:06;20.38;59.601;-12.803;62.97142857;-;-
05.04.2024 13:21;21;59.626;-12.778;62.97142857;-;-
05.04.2024 13:36;21.13;59.693;-12.711;62.97142857;-;-
05.04.2024 13:51;21.25;59.771;-12.633;62.97142857;-;-
05.04.2024 14:06;20.63;59.851;-12.553;62.97142857;-;-
05.04.2024 14:21;20.19;59.928;-12.476;62.97142857;-;-
05.04.2024 14:36;20;59.966;-12.438;62.97142857;-;-
05.04.2024 14:51;20.13;59.977;-12.427;62.97142857;-;-
05.04.2024 15:06;20.25;59.978;-12.426;62.97142857;-;-
05.04.2024 15:21;20.38;60.006;-12.398;62.97142857;-;-
05.04.2024 15:36;20.44;60.035;-12.369;62.97142857;-;-
05.04.2024 15:51;20.06;60.124;-12.28;62.97142857;-;-
05.04.2024 16:06;19.63;60.194;-12.21;62.97142857;-;-
05.04.2024 16:21;19.19;60.272;-12.132;62.97142857;-;-
05.04.2024 16:36;18.75;60.361;-12.043;62.97142857;-;-
05.04.2024 16:51;18.38;60.454;-11.95;62.97142857;-;-
05.04.2024 17:06;18;60.523;-11.881;62.97142857;-;-
05.04.2024 17:21;17.69;60.556;-11.848;62.97142857;-;-
05.04.2024 17:36;17.31;60.566;-11.838;62.97142857;-;-
05.04.2024 17:51;17;60.564;-11.84;62.97142857;-;-
05.04.2024 18:06;16.63;60.553;-11.851;62.97142857;-;-
05.04.2024 18:21;16.5;60.541;-11.863;62.97142857;-;-
05.04.2024 18:36;16.31;60.533;-11.871;62.97142857;-;-
05.04.2024 18:51;16.19;60.522;-11.882;62.97142857;-;-
05.04.2024 19:06;16.06;60.511;-11.893;62.97142857;-;-
05.04.2024 19:21;16;60.501;-11.903;62.97142857;-;-
05.04.2024 19:36;16.06;60.493;-11.911;62.97142857;-;-
05.04.2024 19:51;16.13;60.484;-11.92;62.97142857;-;-
05.04.2024 20:06;15.81;60.475;-11.929;62.97142857;-;-
05.04.2024 20:21;15.69;60.467;-11.937;62.97142857;-;-
05.04.2024 20:36;15.38;60.456;-11.948;62.97142857;-;-
05.04.2024 20:51;15.13;60.447;-11.957;62.97142857;-;-
05.04.2024 21:06;14.88;60.44;-11.964;62.97142857;-;-
05.04.2024 21:21;14.63;60.43;-11.974;62.97142857;-;-
05.04.2024 21:36;14.38;60.424;-11.98;62.97142857;-;-
05.04.2024 21:51;14.13;60.418;-11.986;62.97142857;-;-
05.04.2024 22:06;14.25;60.412;-11.992;62.97142857;-;-
05.04.2024 22:21;14.5;60.405;-11.999;62.97142857;-;-
05.04.2024 22:36;14.75;60.399;-12.005;62.97142857;-;-
05.04.2024 22:51;14.63;60.394;-12.01;62.97142857;-;-
05.04.2024 23:06;14.56;60.389;-12.015;62.97142857;-;-
05.04.2024 23:21;14.94;60.385;-12.019;62.97142857;-;-
05.04.2024 23:36;15.19;60.375;-12.029;62.97142857;-;-
05.04.2024 23:51;15.38;60.372;-12.032;62.97142857;-;-
06.04.2024 0:06;15.44;60.366;-12.038;62.97142857;-;-
06.04.2024 0:21;15.44;60.359;-12.045;62.97142857;-;-
06.04.2024 0:36;15.31;60.352;-12.052;62.97142857;-;-
06.04.2024 0:51;15.19;60.347;-12.057;62.97142857;-;-
06.04.2024 1:06;15.06;60.339;-12.065;62.97142857;-;-
06.04.2024 1:21;15.06;60.334;-12.07;62.97142857;-;-
06.04.2024 1:36;15.06;60.33;-12.074;62.97142857;-;-
06.04.2024 1:51;15;60.32;-12.084;62.45714286;-;-
06.04.2024 2:06;14.75;60.315;-12.089;62.97142857;-;-
06.04.2024 2:21;14.5;60.309;-12.095;62.88571429;-;-
06.04.2024 2:36;14.38;60.302;-12.102;62.97142857;-;-
06.04.2024 2:51;14.19;60.296;-12.108;62.45714286;-;-
06.04.2024 3:06;14.06;60.292;-12.112;62.65714286;-;-
06.04.2024 3:21;13.88;60.286;-12.118;62.51428571;-;-
06.04.2024 3:36;13.75;60.282;-12.122;62.45714286;-;-
06.04.2024 3:51;13.63;60.273;-12.131;62.45714286;-;-
06.04.2024 4:06;13.5;60.27;-12.134;62.45714286;-;-
06.04.2024 4:21;13.38;60.263;-12.141;62.45714286;-;-
06.04.2024 4:36;13.31;60.257;-12.147;62.45714286;-;-
06.04.2024 4:51;13.31;60.251;-12.153;62.45714286;-;-
06.04.2024 5:06;13.31;60.244;-12.16;62.45714286;-;-
06.04.2024 5:21;13.31;60.24;-12.164;62.45714286;-;-
06.04.2024 5:36;13.44;60.233;-12.171;62.45714286;-;-
06.04.2024 5:51;13.63;60.228;-12.176;62.45714286;-;-
06.04.2024 6:06;13.81;60.221;-12.183;62.45714286;-;-
06.04.2024 6:21;14.06;60.211;-12.193;62.45714286;-;-
06.04.2024 6:36;14.38;60.189;-12.215;62.45714286;-;-
06.04.2024 6:51;15;60.088;-12.316;62.45714286;-;-
06.04.2024 7:06;15.5;60.025;-12.379;62.45714286;-;-
06.04.2024 7:21;16.56;59.934;-12.47;62.45714286;-;-
06.04.2024 7:36;17.31;59.953;-12.451;62.45714286;-;-
06.04.2024 7:51;18.13;60.02;-12.384;62.45714286;-;-
06.04.2024 8:06;18.69;60.066;-12.338;62.45714286;-;-
06.04.2024 8:21;19.13;60.133;-12.271;62.45714286;-;-
06.04.2024 8:36;19.56;60.174;-12.23;62.45714286;-;-
06.04.2024 8:51;19.94;60.214;-12.19;62.45714286;-;-
06.04.2024 9:06;20.31;60.267;-12.137;62.45714286;-;-
06.04.2024 9:21;20.63;60.296;-12.108;62.45714286;-;-
06.04.2024 9:36;20.88;60.321;-12.083;62.45714286;-;-
06.04.2024 9:51;21;60.366;-12.038;62.45714286;-;-
06.04.2024 10:06;21.19;60.396;-12.008;62.45714286;-;-
06.04.2024 10:21;21.63;60.422;-11.982;62.45714286;-;-
06.04.2024 10:36;21.75;60.449;-11.955;62.45714286;-;-
06.04.2024 10:51;21.81;60.481;-11.923;62.45714286;-;-
06.04.2024 11:06;21.88;60.496;-11.908;62.45714286;-;-
06.04.2024 11:21;21.69;60.58;-11.824;62.45714286;-;-
06.04.2024 11:36;21.69;60.566;-11.838;62.45714286;-;-
06.04.2024 11:51;22.13;60.543;-11.861;62.45714286;-;-
06.04.2024 12:06;23.25;60.537;-11.867;62.45714286;-;-
06.04.2024 12:21;23.69;60.54;-11.864;62.45714286;-;-
06.04.2024 12:36;23.88;60.564;-11.84;62.45714286;-;-
06.04.2024 12:51;23.44;60.603;-11.801;62.45714286;-;-
06.04.2024 13:06;23;60.662;-11.742;62.45714286;-;-
06.04.2024 13:21;23.06;60.704;-11.7;62.45714286;-;-
06.04.2024 13:36;24.06;60.679;-11.725;62.45714286;-;-
06.04.2024 13:51;24.75;60.726;-11.678;62.45714286;-;-
06.04.2024 14:06;24.94;60.782;-11.622;62.45714286;-;-
06.04.2024 14:21;25.13;60.833;-11.571;62.45714286;-;-
06.04.2024 14:36;25.25;60.861;-11.543;62.45714286;-;-
06.04.2024 14:51;25.19;60.907;-11.497;62.45714286;-;-
06.04.2024 15:06;25.13;60.956;-11.448;62.45714286;-;-
06.04.2024 15:21;25.19;60.994;-11.41;62.45714286;-;-
06.04.2024 15:36;25.13;61.022;-11.382;62.45714286;-;-
06.04.2024 15:51;24.81;61.073;-11.331;62.45714286;-;-
06.04.2024 16:06;24.44;61.152;-11.252;62.45714286;-;-
06.04.2024 16:21;24.06;61.209;-11.195;62.45714286;-;-
06.04.2024 16:36;23.5;61.29;-11.114;62.45714286;-;-
06.04.2024 16:51;22.94;61.368;-11.036;62.45714286;-;-
06.04.2024 17:06;22.38;61.432;-10.972;62.45714286;-;-
06.04.2024 17:21;21.69;61.518;-10.886;62.45714286;-;-
06.04.2024 17:36;20.94;61.592;-10.812;62.45714286;-;-
06.04.2024 17:51;20.13;61.604;-10.8;62.45714286;-;-
06.04.2024 18:06;19.44;61.586;-10.818;62.45714286;-;-
06.04.2024 18:21;18.81;61.571;-10.833;62.45714286;-;-
06.04.2024 18:36;18.25;61.554;-10.85;62.45714286;-;-
06.04.2024 18:51;17.69;61.539;-10.865;62.45714286;-;-
06.04.2024 19:06;17.19;61.525;-10.879;62.45714286;-;-
06.04.2024 19:21;16.63;61.512;-10.892;62.45714286;-;-
06.04.2024 19:36;16.31;61.501;-10.903;62.45714286;-;-
06.04.2024 19:51;16.06;61.492;-10.912;62.45714286;-;-
06.04.2024 20:06;15.63;61.481;-10.923;62.45714286;-;-
06.04.2024 20:21;15.31;61.469;-10.935;62.45714286;-;-
06.04.2024 20:36;15.06;61.459;-10.945;62.45714286;-;-
06.04.2024 20:51;14.81;61.449;-10.955;62.45714286;-;-
06.04.2024 21:06;14.63;61.44;-10.964;62.45714286;-;-
06.04.2024 21:21;14.31;61.429;-10.975;62.45714286;-;-
06.04.2024 21:36;13.94;61.421;-10.983;62.45714286;-;-
06.04.2024 21:51;13.81;61.413;-10.991;62.45714286;-;-
06.04.2024 22:06;13.5;61.404;-11;62.45714286;-;-
06.04.2024 22:21;13.31;61.397;-11.007;62.45714286;-;-
06.04.2024 22:36;13.06;61.391;-11.013;62.45714286;-;-
06.04.2024 22:51;12.94;61.383;-11.021;62.45714286;-;-
06.04.2024 23:06;12.81;61.376;-11.028;62.45714286;-;-
06.04.2024 23:21;12.69;61.369;-11.035;62.45714286;-;-
06.04.2024 23:36;12.56;61.362;-11.042;62.45714286;-;-
06.04.2024 23:51;12.31;61.352;-11.052;62.45714286;-;-
07.04.2024 0:06;12.13;61.347;-11.057;62.45714286;-;-
07.04.2024 0:21;12.06;61.339;-11.065;62.45714286;-;-
07.04.2024 0:36;11.94;61.333;-11.071;62.45714286;-;-
07.04.2024 0:51;11.88;61.328;-11.076;62.45714286;-;-
07.04.2024 1:06;11.81;61.323;-11.081;62.02857143;-;-
07.04.2024 1:21;11.69;61.316;-11.088;62.2;-;-
07.04.2024 1:36;11.56;61.312;-11.092;61.97142857;-;-
07.04.2024 1:51;11.63;61.306;-11.098;61.97142857;-;-
07.04.2024 2:06;11.5;61.3;-11.104;61.97142857;-;-
07.04.2024 2:21;11.38;61.294;-11.11;61.97142857;-;-
07.04.2024 2:36;11.25;61.29;-11.114;61.97142857;-;-
07.04.2024 2:51;11.25;61.285;-11.119;61.97142857;-;-
07.04.2024 3:06;11.25;61.28;-11.124;61.97142857;-;-
07.04.2024 3:21;11.19;61.273;-11.131;61.97142857;-;-
07.04.2024 3:36;11;61.268;-11.136;61.97142857;-;-
07.04.2024 3:51;10.88;61.262;-11.142;61.97142857;-;-
07.04.2024 4:06;10.75;61.255;-11.149;61.97142857;-;-
07.04.2024 4:21;10.69;61.249;-11.155;61.97142857;-;-
07.04.2024 4:36;10.75;61.245;-11.159;61.97142857;-;-
07.04.2024 4:51;10.81;61.238;-11.166;61.97142857;-;-
07.04.2024 5:06;11;61.233;-11.171;61.97142857;-;-
07.04.2024 5:21;11.19;61.227;-11.177;61.97142857;-;-
07.04.2024 5:36;11.44;61.22;-11.184;61.97142857;-;-
07.04.2024 5:51;11.88;61.211;-11.193;61.97142857;-;-
07.04.2024 6:06;12.69;61.187;-11.217;61.97142857;-;-
07.04.2024 6:21;13.88;61.136;-11.268;61.97142857;-;-
07.04.2024 6:36;15;61.023;-11.381;61.97142857;-;-
07.04.2024 6:51;16.19;61.01;-11.394;61.97142857;-;-
07.04.2024 7:06;17.19;61.009;-11.395;61.97142857;-;-
07.04.2024 7:21;18.19;61.021;-11.383;61.97142857;-;-
07.04.2024 7:36;18.94;61.07;-11.334;61.97142857;-;-
07.04.2024 7:51;19.5;61.121;-11.283;61.97142857;-;-
07.04.2024 8:06;19.44;61.205;-11.199;61.97142857;-;-
07.04.2024 8:21;19.75;61.255;-11.149;61.97142857;-;-
07.04.2024 8:36;20.13;61.258;-11.146;61.97142857;-;-
07.04.2024 8:51;20.63;61.259;-11.145;61.97142857;-;-
07.04.2024 9:06;21.31;61.285;-11.119;61.97142857;-;-
07.04.2024 9:21;22;61.293;-11.111;61.97142857;-;-
07.04.2024 9:36;22.69;61.298;-11.106;61.97142857;-;-
07.04.2024 9:51;23.38;61.316;-11.088;61.97142857;-;-
07.04.2024 10:06;24.44;61.312;-11.092;61.97142857;-;-
07.04.2024 10:21;24.94;61.315;-11.089;61.97142857;-;-
07.04.2024 10:36;25.38;61.326;-11.078;61.97142857;-;-
07.04.2024 10:51;26.06;61.339;-11.065;61.97142857;-;-
07.04.2024 11:06;26.31;61.352;-11.052;61.97142857;-;-
07.04.2024 11:21;26.56;61.363;-11.041;61.97142857;-;-
07.04.2024 11:36;27;61.381;-11.023;61.97142857;-;-
07.04.2024 11:51;27.19;61.342;-11.062;61.97142857;-;-
07.04.2024 12:06;27.44;61.241;-11.163;61.97142857;Swarming process;-
07.04.2024 12:21;27.75;60.84;-11.564;61.97142857;Swarming process;-
07.04.2024 12:36;27.94;59.941;-12.463;61.97142857;Swarming process;-
07.04.2024 12:51;27.81;59.444;-12.96;61.97142857;Swarming process;-
07.04.2024 13:06;27.75;59.411;-12.993;61.97142857;Swarming process;-
07.04.2024 13:21;27.75;59.284;-13.12;61.97142857;Swarming process;-
07.04.2024 13:36;27.75;59.169;-13.235;61.97142857;Swarming process;-
07.04.2024 13:51;27.88;57.895;-14.509;61.97142857;Swarming process;-
07.04.2024 14:06;27.75;57.073;-15.331;61.97142857;Swarming process;-
07.04.2024 14:21;27.69;57.017;-15.387;61.97142857;Swarming process;-
07.04.2024 14:36;27.5;57.171;-15.233;61.97142857;Swarming process;-
07.04.2024 14:51;27.38;57.743;-14.661;61.97142857;-;-
07.04.2024 15:06;27.06;59.299;-14.661;61.97142857;-;-
07.04.2024 15:21;26.81;59.347;-14.613;61.97142857;-;-
07.04.2024 15:36;26.31;59.486;-14.474;61.97142857;-;-
07.04.2024 15:51;25.81;59.46;-14.5;61.97142857;-;-
07.04.2024 16:06;25.31;59.45;-14.51;61.97142857;-;-
07.04.2024 16:21;24.69;59.443;-14.517;61.97142857;-;-
07.04.2024 16:36;24.19;59.468;-14.492;61.97142857;-;-
07.04.2024 16:51;23.75;59.29;-14.67;61.97142857;-;-
07.04.2024 17:06;23.31;59.495;-14.465;61.97142857;-;-
07.04.2024 17:21;22.94;59.656;-14.304;61.97142857;-;-
07.04.2024 17:36;22.44;59.814;-14.146;61.97142857;-;-
07.04.2024 17:51;21.75;59.904;-14.056;61.97142857;-;-
07.04.2024 18:06;21;59.912;-14.048;61.97142857;-;-
07.04.2024 18:21;20.31;59.912;-14.048;61.97142857;-;-
07.04.2024 18:36;19.69;59.918;-14.042;61.97142857;-;-
07.04.2024 18:51;19;59.914;-14.046;61.97142857;-;-
07.04.2024 19:06;18.44;59.915;-14.045;61.97142857;-;-
07.04.2024 19:21;17.88;59.915;-14.045;61.97142857;-;-
07.04.2024 19:36;17.38;59.909;-14.051;61.97142857;-;-
07.04.2024 19:51;16.88;59.909;-14.051;61.97142857;-;-
07.04.2024 20:06;16.44;59.858;-14.102;61.97142857;-;-
07.04.2024 20:21;16.19;59.61;-14.35;61.97142857;-;-
07.04.2024 20:36;15.88;59.514;-14.446;61.97142857;-;-
07.04.2024 20:51;15.63;59.493;-14.467;61.97142857;-;-
07.04.2024 21:06;15.38;59.492;-14.468;61.97142857;-;-
07.04.2024 21:21;15.19;59.491;-14.469;61.97142857;-;-
07.04.2024 21:36;14.94;59.492;-14.468;61.97142857;-;-
07.04.2024 21:51;14.69;59.484;-14.476;61.97142857;-;-
07.04.2024 22:06;14.5;59.482;-14.478;61.97142857;-;-
07.04.2024 22:21;14.38;59.466;-14.494;61.97142857;-;-
07.04.2024 22:36;14.13;59.46;-14.5;61.97142857;-;-
07.04.2024 22:51;13.88;59.456;-14.504;61.97142857;-;-
07.04.2024 23:06;13.75;59.448;-14.512;61.97142857;-;-
07.04.2024 23:21;13.75;59.443;-14.517;61.97142857;-;-
07.04.2024 23:36;13.63;59.44;-14.52;61.97142857;-;-
07.04.2024 23:51;13.5;59.432;-14.528;61.97142857;-;-
08.04.2024 0:06;13.31;59.412;-14.548;61.97142857;-;-
08.04.2024 0:21;13.25;59.399;-14.561;61.97142857;-;-
08.04.2024 0:36;13.19;59.392;-14.568;61.97142857;-;-
08.04.2024 0:51;13.19;59.382;-14.578;61.48571429;-;-
08.04.2024 1:06;13;59.378;-14.582;61.45714286;-;-
08.04.2024 1:21;12.94;59.363;-14.597;61.45714286;-;-
08.04.2024 1:36;12.81;59.353;-14.607;61.45714286;-;-
08.04.2024 1:51;12.75;59.321;-14.639;61.45714286;-;-
08.04.2024 2:06;12.56;59.282;-14.678;61.45714286;-;-
08.04.2024 2:21;12.44;59.267;-14.693;61.45714286;-;-
08.04.2024 2:36;12.38;59.259;-14.701;61.45714286;-;-
08.04.2024 2:51;12.31;59.241;-14.719;61.45714286;-;-
08.04.2024 3:06;12.31;59.236;-14.724;61.45714286;-;-
08.04.2024 3:21;12.25;59.219;-14.741;61.45714286;-;-
08.04.2024 3:36;12.19;59.199;-14.761;61.45714286;-;-
08.04.2024 3:51;12.13;59.175;-14.785;61.45714286;-;-
08.04.2024 4:06;12;59.163;-14.797;61.45714286;-;-
08.04.2024 4:21;12.06;59.136;-14.824;61.45714286;-;-
08.04.2024 4:36;12.19;59.111;-14.849;61.45714286;-;-
08.04.2024 4:51;12.19;59.078;-14.882;61.45714286;-;-
08.04.2024 5:06;12.38;59.042;-14.918;61.45714286;-;-
08.04.2024 5:21;12.88;59.019;-14.941;61.45714286;-;-
08.04.2024 5:36;13.38;58.976;-14.984;61.45714286;-;-
08.04.2024 5:51;14.06;58.902;-15.058;61.45714286;-;-
08.04.2024 6:06;15.13;58.776;-15.184;61.45714286;-;-
08.04.2024 6:21;16.5;58.765;-15.195;61.45714286;-;-
08.04.2024 6:36;17.63;58.847;-15.113;61.45714286;-;-
08.04.2024 6:51;18.63;58.895;-15.065;61.45714286;-;-
08.04.2024 7:06;19.56;58.954;-15.006;61.45714286;-;-
08.04.2024 7:21;20.44;58.937;-15.023;61.45714286;-;-
08.04.2024 7:36;20.94;58.971;-14.989;61.45714286;-;-
08.04.2024 7:51;21.5;58.985;-14.975;61.45714286;-;-
08.04.2024 8:06;21.81;58.967;-14.993;61.45714286;-;-
08.04.2024 8:21;22.13;58.925;-15.035;61.45714286;-;-
08.04.2024 8:36;22.31;58.935;-15.025;61.45714286;-;-
08.04.2024 8:51;22.56;58.903;-15.057;61.45714286;-;-
08.04.2024 9:06;22.88;58.869;-15.091;61.45714286;-;-
08.04.2024 9:21;23.38;58.824;-15.136;61.45714286;-;-
08.04.2024 9:36;23.69;58.767;-15.193;61.45714286;-;-
08.04.2024 9:51;23.88;58.755;-15.205;61.45714286;-;-
08.04.2024 10:06;24.38;58.734;-15.226;61.45714286;-;-
08.04.2024 10:21;24.81;58.739;-15.221;61.45714286;-;-
08.04.2024 10:36;25.44;58.695;-15.265;61.45714286;-;-
08.04.2024 10:51;26.06;58.611;-15.349;61.45714286;-;-
08.04.2024 11:06;26.44;58.596;-15.364;61.45714286;-;-
08.04.2024 11:21;26.69;58.637;-15.323;61.45714286;-;-
08.04.2024 11:36;26.38;58.689;-15.271;61.45714286;-;-
08.04.2024 11:51;26.5;58.783;-15.177;61.45714286;-;-
08.04.2024 12:06;26.63;58.9;-15.06;61.45714286;-;-
08.04.2024 12:21;26.81;58.953;-15.007;61.45714286;-;-
08.04.2024 12:36;26.81;59.022;-14.938;61.45714286;-;-
08.04.2024 12:51;26.94;59.123;-14.837;61.45714286;-;-
08.04.2024 13:06;27.19;59.199;-14.761;61.45714286;-;-
08.04.2024 13:21;27.06;59.283;-14.677;61.45714286;-;-
08.04.2024 14:51;27;67.672;-14.677;61.45714286;-;-
08.04.2024 15:06;26.56;67.653;-14.696;61.45714286;-;-
08.04.2024 15:21;26.25;67.61;-14.739;61.45714286;-;-
08.04.2024 15:36;25.81;67.58;-14.769;61.45714286;-;-
08.04.2024 15:51;25.06;67.569;-14.78;61.45714286;-;-
08.04.2024 16:06;24.56;67.537;-14.812;61.45714286;-;-
08.04.2024 16:21;24.19;67.521;-14.828;61.45714286;-;-
08.04.2024 16:36;23.81;67.5;-14.849;61.45714286;-;-
08.04.2024 16:51;23.44;67.496;-14.853;61.45714286;-;-
08.04.2024 17:06;23.13;67.491;-14.858;61.45714286;-;-
08.04.2024 17:21;22.81;67.489;-0.002;61.45714286;-;-
08.04.2024 17:36;22.38;67.506;0.015;61.45714286;-;-
08.04.2024 17:51;21.75;67.515;0.024;61.45714286;-;-
08.04.2024 18:06;21.25;67.492;0.001;61.45714286;-;-
08.04.2024 18:21;20.88;67.475;-0.016;61.45714286;-;-
08.04.2024 18:36;20.44;67.451;-0.04;61.45714286;-;-
08.04.2024 18:51;20;67.433;-0.058;61.45714286;-;-
08.04.2024 19:06;19.63;67.424;-0.067;61.45714286;-;-
08.04.2024 19:21;19.25;67.421;-0.07;61.45714286;-;-
08.04.2024 19:36;18.94;67.406;-0.085;61.45714286;-;-
08.04.2024 19:51;18.75;67.398;-0.093;61.45714286;-;-
08.04.2024 20:06;18.44;67.385;-0.106;61.45714286;-;-
08.04.2024 20:21;18.13;67.37;-0.121;61.45714286;-;-
08.04.2024 20:36;17.81;67.361;-0.13;61.45714286;-;-
08.04.2024 20:51;17.56;67.35;-0.141;61.45714286;-;-
08.04.2024 21:06;17.19;67.348;-0.143;61.45714286;-;-
08.04.2024 21:21;16.94;67.348;-0.143;61.45714286;-;-
08.04.2024 21:36;16.75;67.33;-0.161;61.45714286;-;-
08.04.2024 21:51;16.44;67.322;-0.169;61.45714286;-;-
08.04.2024 22:06;16.19;67.31;-0.181;61.45714286;-;-
08.04.2024 22:21;15.81;67.303;-0.188;61.45714286;-;-
08.04.2024 22:36;15.63;67.294;-0.197;61.45714286;-;-
08.04.2024 22:51;15.44;67.285;-0.206;61.45714286;-;-
08.04.2024 23:06;15.31;67.282;-0.209;61.45714286;-;-
08.04.2024 23:21;15.13;67.269;-0.222;61.45714286;-;-
08.04.2024 23:36;15;67.263;-0.228;61.08571429;-;-
08.04.2024 23:51;14.75;67.253;-0.238;61.02857143;-;-
09.04.2024 0:06;14.56;67.244;-0.247;60.94285714;-;-
09.04.2024 0:21;14.25;67.23;-0.261;60.94285714;-;-
09.04.2024 0:36;14.13;67.211;-0.28;60.94285714;-;-
09.04.2024 0:51;13.94;67.2;-0.291;60.94285714;-;-
09.04.2024 1:06;13.75;67.187;-0.304;60.94285714;-;-
09.04.2024 1:21;13.5;67.181;-0.31;60.94285714;-;-
09.04.2024 1:36;13.31;67.159;-0.332;60.94285714;-;-
09.04.2024 1:51;13.25;67.142;-0.349;60.94285714;-;-
09.04.2024 2:06;13.06;67.133;-0.358;60.94285714;-;-
09.04.2024 2:21;12.88;67.114;-0.377;60.94285714;-;-
09.04.2024 2:36;12.75;67.083;-0.408;60.94285714;-;-
09.04.2024 2:51;12.5;67.07;-0.421;60.94285714;-;-
09.04.2024 3:06;12.38;67.061;-0.43;60.94285714;-;-
09.04.2024 3:21;12.25;67.048;-0.443;60.94285714;-;-
09.04.2024 3:36;12.19;67.032;-0.459;60.94285714;-;-
09.04.2024 3:51;12;67.017;-0.474;60.94285714;-;-
09.04.2024 4:06;11.94;67.004;-0.487;60.94285714;-;-
09.04.2024 4:21;11.75;66.969;-0.522;60.94285714;-;-
09.04.2024 4:36;11.69;66.934;-0.557;60.94285714;-;-
09.04.2024 4:51;11.69;66.92;-0.571;60.94285714;-;-
09.04.2024 5:06;11.81;66.907;-0.584;60.94285714;-;-
09.04.2024 5:21;12;66.894;-0.597;60.94285714;-;-
09.04.2024 5:36;12.38;66.878;-0.613;60.94285714;-;-
09.04.2024 5:51;13.06;66.86;-0.631;60.94285714;-;-
09.04.2024 6:06;14.25;66.82;-0.671;60.94285714;-;-
09.04.2024 6:21;16.13;66.549;-0.942;60.94285714;-;-
09.04.2024 6:36;17.5;66.114;-1.377;60.94285714;-;-
09.04.2024 6:51;18.63;65.716;-1.775;60.94285714;-;-
09.04.2024 7:06;19.56;65.328;-2.163;60.42857143;-;-
09.04.2024 7:21;20.5;64.953;-2.538;60.45714286;-;-
09.04.2024 7:36;21.31;64.62;-2.871;60.42857143;-;-
09.04.2024 7:51;22;64.241;-3.25;60.42857143;-;-
09.04.2024 8:06;22.44;63.925;-3.566;60.42857143;-;-
09.04.2024 8:21;22.94;63.399;-4.092;60.42857143;-;-
09.04.2024 8:36;23.38;62.685;-4.806;60.42857143;-;-
09.04.2024 8:51;23.94;63.113;-4.378;60.42857143;-;-
09.04.2024 9:06;24.19;63.014;-4.477;60.42857143;-;-
09.04.2024 9:21;24.44;63.5;-3.991;60.42857143;-;-
09.04.2024 9:36;24.81;63.448;-4.043;60.42857143;-;-
09.04.2024 9:51;25.13;63.22;-4.271;60.94285714;-;-
09.04.2024 10:06;25.5;62.951;-4.54;60.94285714;-;-
09.04.2024 10:21;25.88;63.475;-4.016;60.94285714;-;-
09.04.2024 10:36;26.38;63.564;-3.927;60.94285714;-;-
09.04.2024 10:51;26.75;63.606;-3.885;60.94285714;-;-
09.04.2024 11:06;26.88;63.632;-3.859;60.94285714;-;-
09.04.2024 11:21;27.06;63.654;-3.837;60.94285714;-;-
09.04.2024 11:36;27.38;63.672;-3.819;60.94285714;-;-
09.04.2024 11:51;27.31;63.675;-3.816;60.94285714;-;-
09.04.2024 12:06;27.31;63.709;-3.782;60.94285714;-;-
09.04.2024 12:21;27.56;63.662;-3.829;60.94285714;-;-
09.04.2024 12:36;27.69;63.692;-3.799;60.94285714;-;-
09.04.2024 12:51;27.56;63.722;-3.769;60.94285714;-;-
09.04.2024 13:06;27.38;63.764;-3.727;60.94285714;-;-
09.04.2024 13:21;27;63.786;-3.705;60.94285714;-;-
09.04.2024 13:36;26.56;63.831;-3.66;60.94285714;-;-
09.04.2024 13:51;26.06;63.914;-3.577;60.94285714;-;-
09.04.2024 14:06;25.75;64.005;-3.486;60.94285714;-;-
09.04.2024 14:21;25.56;64.033;-3.458;60.94285714;-;-
09.04.2024 14:36;25.56;64.079;-3.412;60.94285714;-;-
09.04.2024 14:51;25.38;64.074;-3.417;60.94285714;-;-
09.04.2024 15:06;25.13;64.067;-3.424;60.94285714;-;-
09.04.2024 15:21;24.81;64.092;-3.399;60.94285714;-;-
09.04.2024 15:36;24.38;64.152;-3.339;60.94285714;-;-
09.04.2024 15:51;24.06;64.212;-3.279;60.94285714;-;-
09.04.2024 16:06;23.69;64.266;-3.225;60.94285714;-;-
09.04.2024 16:21;23.31;64.313;-3.178;60.94285714;-;-
09.04.2024 16:36;22.94;64.344;-3.147;60.94285714;-;-
09.04.2024 16:51;22.63;64.375;-3.116;60.94285714;-;-
09.04.2024 17:06;22.25;64.411;-3.08;60.94285714;-;-
09.04.2024 17:21;21.88;64.434;-3.057;60.94285714;-;-
09.04.2024 17:36;21.5;64.444;-3.047;60.94285714;-;-
09.04.2024 17:51;21.06;64.458;-3.033;60.94285714;-;-
09.04.2024 18:06;20.5;64.464;-3.027;60.94285714;-;-
09.04.2024 18:21;19.81;64.464;-3.027;60.94285714;-;-
09.04.2024 18:36;19.25;64.479;-3.012;60.94285714;-;-
09.04.2024 18:51;18.75;64.49;-3.001;60.94285714;-;-
09.04.2024 19:06;18.25;64.484;-3.007;60.94285714;-;-
09.04.2024 19:21;17.88;64.483;-3.008;60.94285714;-;-
09.04.2024 19:36;17.38;64.481;-3.01;60.94285714;-;-
09.04.2024 19:51;17.06;64.475;-3.016;60.94285714;-;-
09.04.2024 20:06;16.69;64.457;-3.034;60.94285714;-;-
09.04.2024 20:21;16.44;64.456;-3.035;60.94285714;-;-
09.04.2024 20:36;16.19;64.456;-3.035;60.94285714;-;-
09.04.2024 20:51;15.94;64.457;-3.034;60.94285714;-;-
09.04.2024 21:06;15.69;64.451;-3.04;60.94285714;-;-
09.04.2024 21:21;15.44;64.445;-3.046;60.94285714;-;-
09.04.2024 21:36;15.19;64.438;-3.053;60.94285714;-;-
09.04.2024 21:51;15;64.432;-3.059;60.94285714;-;-
09.04.2024 22:06;14.94;64.429;-3.062;60.94285714;-;-
09.04.2024 22:21;14.81;64.42;-3.071;60.94285714;-;-
09.04.2024 22:36;14.75;64.428;-3.063;60.48571429;-;-
09.04.2024 22:51;14.56;64.428;-3.063;60.74285714;-;-
09.04.2024 23:06;14.5;64.428;-3.063;60.42857143;-;-
09.04.2024 23:21;14.5;64.422;-3.069;60.42857143;-;-
09.04.2024 23:36;14.63;64.421;-3.07;60.42857143;-;-
09.04.2024 23:51;14.69;64.421;-3.07;60.42857143;-;-
10.04.2024 0:06;14.81;64.414;-3.077;60.42857143;-;-
10.04.2024 0:21;14.69;64.414;-3.077;60.42857143;-;-
10.04.2024 0:36;14.56;64.411;-3.08;60.42857143;-;-
10.04.2024 0:51;14.44;64.409;-3.082;60.42857143;-;-
10.04.2024 1:06;14.38;64.409;-3.082;60.42857143;-;-
10.04.2024 1:21;14.31;64.408;-3.083;60.42857143;-;-
10.04.2024 1:36;14.25;64.4;-3.091;60.42857143;-;-
10.04.2024 1:51;14.31;64.396;-3.095;60.42857143;-;-
10.04.2024 2:06;14.31;64.351;-3.14;60.42857143;-;-
10.04.2024 2:21;14.38;64.358;-3.133;60.42857143;-;-
10.04.2024 2:36;14.5;64.361;-3.13;60.42857143;-;-
10.04.2024 2:51;14.56;64.361;-3.13;60.42857143;-;-
10.04.2024 3:06;14.69;64.358;-3.133;60.42857143;-;-
10.04.2024 3:21;14.81;64.35;-3.141;60.42857143;-;-
10.04.2024 3:36;14.94;64.348;-3.143;60.42857143;-;-
10.04.2024 3:51;14.94;64.347;-3.144;60.42857143;-;-
10.04.2024 4:06;14.88;64.343;-3.148;60.42857143;-;-
10.04.2024 4:21;14.88;64.34;-3.151;60.42857143;-;-
10.04.2024 4:36;14.75;64.333;-3.158;60.42857143;-;-
10.04.2024 4:51;14.44;64.335;-3.156;60.42857143;-;-
10.04.2024 5:06;13.81;64.349;-3.142;60.42857143;-;-
10.04.2024 5:21;13.38;64.345;-3.146;60.42857143;-;-
10.04.2024 5:36;12.81;64.344;-3.147;60.42857143;-;-
10.04.2024 5:51;12.75;64.338;-3.153;60.42857143;-;-
10.04.2024 6:06;12.69;64.341;-3.15;60.42857143;-;-
10.04.2024 6:21;12.63;64.34;-3.151;60.42857143;-;-
10.04.2024 6:36;12.44;64.341;-3.15;60.42857143;-;-
10.04.2024 6:51;12.31;64.341;-3.15;60.42857143;-;-
10.04.2024 7:06;12.19;64.346;-3.145;60.42857143;-;-
10.04.2024 7:21;12.06;64.349;-3.142;60.42857143;-;-
10.04.2024 7:36;11.94;64.349;-3.142;60.42857143;-;-
10.04.2024 7:51;11.94;64.347;-3.144;60.42857143;-;-
10.04.2024 8:06;11.88;64.31;-3.181;60.42857143;-;-
10.04.2024 8:21;11.88;64.305;-3.186;60.42857143;-;-
10.04.2024 8:36;11.88;64.301;-3.19;60.42857143;-;-
10.04.2024 8:51;11.88;64.301;-3.19;60.42857143;-;-
10.04.2024 9:06;12;64.3;-3.191;60.42857143;-;-
10.04.2024 9:21;12.13;64.295;-3.196;60.42857143;-;-
10.04.2024 9:36;12.06;64.292;-3.199;60.42857143;-;-
10.04.2024 9:51;12;64.287;-3.204;60.42857143;-;-
10.04.2024 10:06;12;64.285;-3.206;60.42857143;-;-
10.04.2024 10:21;12.06;64.282;-3.209;60.42857143;-;-
10.04.2024 10:36;12.06;64.281;-3.21;60.42857143;-;-
10.04.2024 10:51;12;64.278;-3.213;60.42857143;-;-
10.04.2024 11:06;11.94;64.272;-3.219;60.42857143;-;-
10.04.2024 11:21;11.88;64.267;-3.224;60.42857143;-;-
10.04.2024 11:36;11.88;64.265;-3.226;60.42857143;-;-
10.04.2024 11:51;11.94;64.263;-3.228;60.42857143;-;-
10.04.2024 12:06;11.94;64.261;-3.23;60.42857143;-;-
10.04.2024 12:21;12;64.263;-3.228;60.42857143;-;-
10.04.2024 12:36;12.13;64.258;-3.233;60.42857143;-;-
10.04.2024 12:51;12.19;64.259;-3.232;60.42857143;-;-
10.04.2024 13:06;12.19;64.269;-3.222;60.42857143;-;-
10.04.2024 13:21;12.06;64.265;-3.226;60.42857143;-;-
10.04.2024 13:36;12;64.266;-3.225;60.42857143;-;-
10.04.2024 13:51;12.13;64.26;-3.231;59.91428571;-;-
10.04.2024 14:06;12.19;64.265;-3.226;60.08571429;-;-
10.04.2024 14:21;12.25;64.256;-3.235;60.02857143;-;-
10.04.2024 14:36;12.19;64.264;-3.227;59.94285714;-;-
10.04.2024 14:51;12.19;64.264;-3.227;59.91428571;-;-
10.04.2024 15:06;12.25;64.267;-3.224;59.91428571;-;-
10.04.2024 15:21;12.25;64.264;-3.227;59.91428571;-;-
10.04.2024 15:36;12.31;64.265;-3.226;59.91428571;-;-
10.04.2024 15:51;12.38;64.267;-3.224;59.91428571;-;-
10.04.2024 16:06;12.44;64.266;-3.225;59.91428571;-;-
10.04.2024 16:21;12.5;64.265;-3.226;59.91428571;-;-
10.04.2024 16:36;12.44;64.261;-3.23;59.91428571;-;-
10.04.2024 16:51;12.44;64.261;-3.23;59.91428571;-;-
10.04.2024 17:06;12.38;64.258;-3.233;59.91428571;-;-
10.04.2024 17:21;12.25;64.258;-3.233;59.91428571;-;-
10.04.2024 17:36;12.19;64.26;-3.231;59.91428571;-;-
